<?xml version="1.0" encoding="UTF-8"?>
<project-private xmlns="http://www.netbeans.org/ns/project-private/1">
    <editor-bookmarks xmlns="http://www.netbeans.org/ns/editor-bookmarks/2" lastBookmarkId="0"/>
    <open-files xmlns="http://www.netbeans.org/ns/projectui-open-files/2">
        <group>
            <file>file:/C:/Users/Abhishek%20Anand/Documents/NetBeansProjects/TriviaGame/public_html/index.html</file>
            <file>file:/C:/Users/Abhishek%20Anand/Documents/NetBeansProjects/TriviaGame/public_html/help.html</file>
            <file>file:/C:/Users/Abhishek%20Anand/Documents/NetBeansProjects/TriviaGame/public_html/endpage.html</file>
            <file>file:/C:/Users/Abhishek%20Anand/Documents/NetBeansProjects/TriviaGame/public_html/css/startpgstyle.css</file>
            <file>file:/C:/Users/Abhishek%20Anand/Documents/NetBeansProjects/TriviaGame/public_html/css/index.css</file>
            <file>file:/C:/Users/Abhishek%20Anand/Documents/NetBeansProjects/TriviaGame/public_html/startpage.html</file>
            <file>file:/C:/Users/Abhishek%20Anand/Documents/NetBeansProjects/TriviaGame/public_html/js/trivia.js</file>
        </group>
    </open-files>
</project-private>
